"SNP","CHROM","POS","A1","A2","MAF","Effect","SE","Culm.habit.FarmCPU"
"id1011827",1,20380815,"G","A",0.104166666666667,0.646634753377067,0.130311811090297,0.0000000292948244862905
"id4005236",4,17853775,"G","A",0.458333333333333,0.302068542969377,0.0622672192347862,0.0000000293038098218074
"id11001783",11,4425188,"G","T",0.190104166666667,-0.424595391099984,0.0811045901043498,0.0000000140863150139289
"id12001025",12,2199931,"A","C",0.296875,0.7470087857918,0.100157076999718,0.0000000000000137044517605307
